{
    "lambda": 0.011764705882352941,
    "init": null,
    "maxit": 5000,
    "reltol": 1e-07,
    "score": 20.189288343774074,
    "message": "CONVERGENCE: REL_REDUCTION_OF_F_<=_FACTR*EPSMCH",
    "status": 0,
    "nit": 187
}