{
    "lambda": 0.016666666666666666,
    "init": null,
    "maxit": 5000,
    "reltol": 1e-07,
    "score": 21.68046721157809,
    "message": "CONVERGENCE: REL_REDUCTION_OF_F_<=_FACTR*EPSMCH",
    "status": 0,
    "nit": 232
}